Timestamp,Value,Pod,Namespace
2023-07-11 06:06:42,0.06749666666678422,carts-7bbf9dc945-wpsd8,sock-shop
2023-07-11 06:07:42,24.125203333333424,carts-7bbf9dc945-wpsd8,sock-shop
2023-07-11 06:08:42,10.80411333333359,carts-7bbf9dc945-wpsd8,sock-shop
2023-07-11 06:09:42,18.45075333333322,carts-7bbf9dc945-wpsd8,sock-shop
2023-07-11 06:10:42,35.02201666666679,carts-7bbf9dc945-wpsd8,sock-shop
2023-07-11 06:11:42,18.561580000000124,carts-7bbf9dc945-wpsd8,sock-shop
2023-07-11 06:12:42,38.26323000000002,carts-7bbf9dc945-wpsd8,sock-shop
2023-07-11 06:13:42,29.19112000000003,carts-7bbf9dc945-wpsd8,sock-shop
2023-07-11 06:14:42,20.96726333333322,carts-7bbf9dc945-wpsd8,sock-shop
2023-07-11 06:15:42,12.32397333333362,carts-7bbf9dc945-wpsd8,sock-shop
2023-07-11 06:16:42,27.127529999999826,carts-7bbf9dc945-wpsd8,sock-shop
2023-07-11 06:06:42,0.21983000000091124,carts-db-ff8647ccb-48ctt,sock-shop
2023-07-11 06:07:42,259.22120000000024,carts-db-ff8647ccb-48ctt,sock-shop
2023-07-11 06:08:42,248.17109666666664,carts-db-ff8647ccb-48ctt,sock-shop
2023-07-11 06:09:42,371.84229666666704,carts-db-ff8647ccb-48ctt,sock-shop
2023-07-11 06:10:42,276.28790333333353,carts-db-ff8647ccb-48ctt,sock-shop
2023-07-11 06:11:42,225.0026066666654,carts-db-ff8647ccb-48ctt,sock-shop
2023-07-11 06:12:42,184.85346333333382,carts-db-ff8647ccb-48ctt,sock-shop
2023-07-11 06:13:42,271.48633333333237,carts-db-ff8647ccb-48ctt,sock-shop
2023-07-11 06:14:42,281.6871499999994,carts-db-ff8647ccb-48ctt,sock-shop
2023-07-11 06:15:42,518.3500833333346,carts-db-ff8647ccb-48ctt,sock-shop
2023-07-11 06:16:42,475.70289999999954,carts-db-ff8647ccb-48ctt,sock-shop
2023-07-11 06:06:42,0.030460000000000303,catalogue-6479dbb5bd-nknvp,sock-shop
2023-07-11 06:07:42,2.4127699999999903,catalogue-6479dbb5bd-nknvp,sock-shop
2023-07-11 06:08:42,3.6085666666666802,catalogue-6479dbb5bd-nknvp,sock-shop
2023-07-11 06:09:42,1.4783533333333785,catalogue-6479dbb5bd-nknvp,sock-shop
2023-07-11 06:10:42,1.5492933333333287,catalogue-6479dbb5bd-nknvp,sock-shop
2023-07-11 06:11:42,1.7635766666667034,catalogue-6479dbb5bd-nknvp,sock-shop
2023-07-11 06:12:42,0.9178433333333658,catalogue-6479dbb5bd-nknvp,sock-shop
2023-07-11 06:13:42,0.8882899999999929,catalogue-6479dbb5bd-nknvp,sock-shop
2023-07-11 06:14:42,1.0744600000000069,catalogue-6479dbb5bd-nknvp,sock-shop
2023-07-11 06:15:42,1.4182200000000005,catalogue-6479dbb5bd-nknvp,sock-shop
2023-07-11 06:16:42,3.255136666666658,catalogue-6479dbb5bd-nknvp,sock-shop
2023-07-11 06:09:42,0.000640000000000004,catalogue-6479dbb5bd-76dv5,sock-shop
2023-07-11 06:10:42,0.0008433333333333324,catalogue-6479dbb5bd-76dv5,sock-shop
2023-07-11 06:11:42,0.0008433333333333324,catalogue-6479dbb5bd-76dv5,sock-shop
2023-07-11 06:12:42,0.7113286916666666,catalogue-6479dbb5bd-76dv5,sock-shop
2023-07-11 06:13:42,1.1542333333333334,catalogue-6479dbb5bd-76dv5,sock-shop
2023-07-11 06:14:42,1.2323733333333335,catalogue-6479dbb5bd-76dv5,sock-shop
2023-07-11 06:06:42,0.027536666666681715,catalogue-db-6b55d8cdb7-dph5w,sock-shop
2023-07-11 06:07:42,3.5279166666667074,catalogue-db-6b55d8cdb7-dph5w,sock-shop
2023-07-11 06:08:42,2.2203900000000467,catalogue-db-6b55d8cdb7-dph5w,sock-shop
2023-07-11 06:09:42,2.8230800000000045,catalogue-db-6b55d8cdb7-dph5w,sock-shop
2023-07-11 06:10:42,2.418929999999951,catalogue-db-6b55d8cdb7-dph5w,sock-shop
2023-07-11 06:11:42,2.2753333333333594,catalogue-db-6b55d8cdb7-dph5w,sock-shop
2023-07-11 06:12:42,1.3177266666665826,catalogue-db-6b55d8cdb7-dph5w,sock-shop
2023-07-11 06:13:42,0.8233633333333046,catalogue-db-6b55d8cdb7-dph5w,sock-shop
2023-07-11 06:14:42,2.447716666666698,catalogue-db-6b55d8cdb7-dph5w,sock-shop
2023-07-11 06:15:42,2.056563333333372,catalogue-db-6b55d8cdb7-dph5w,sock-shop
2023-07-11 06:16:42,1.8625366666666803,catalogue-db-6b55d8cdb7-dph5w,sock-shop
2023-07-11 06:08:42,0.07138000000000014,front-end-7f5c844b4c-67964,sock-shop
2023-07-11 06:09:42,0.052839999999999915,front-end-7f5c844b4c-67964,sock-shop
2023-07-11 06:10:42,0.04720000000000021,front-end-7f5c844b4c-67964,sock-shop
2023-07-11 06:11:42,0.06847666666666659,front-end-7f5c844b4c-67964,sock-shop
2023-07-11 06:12:42,0.044753333333333124,front-end-7f5c844b4c-67964,sock-shop
2023-07-11 06:13:42,0.05494999999999991,front-end-7f5c844b4c-67964,sock-shop
2023-07-11 06:14:42,0.06544666666666679,front-end-7f5c844b4c-67964,sock-shop
2023-07-11 06:15:42,7.058518315277778,front-end-7f5c844b4c-67964,sock-shop
2023-07-11 06:16:42,12.95146,front-end-7f5c844b4c-67964,sock-shop
2023-07-11 06:16:42,0.07287999999999999,front-end-7f5c844b4c-z924m,sock-shop
2023-07-11 06:06:42,0.04202000000001741,front-end-7f5c844b4c-z924m,sock-shop
2023-07-11 06:07:42,21.920933333333323,front-end-7f5c844b4c-z924m,sock-shop
2023-07-11 06:08:42,22.87397999999996,front-end-7f5c844b4c-z924m,sock-shop
2023-07-11 06:09:42,32.502806666666686,front-end-7f5c844b4c-z924m,sock-shop
2023-07-11 06:10:42,32.86273333333336,front-end-7f5c844b4c-z924m,sock-shop
2023-07-11 06:11:42,14.227676666666678,front-end-7f5c844b4c-z924m,sock-shop
2023-07-11 06:12:42,23.292306666666605,front-end-7f5c844b4c-z924m,sock-shop
2023-07-11 06:13:42,21.26160000000008,front-end-7f5c844b4c-z924m,sock-shop
2023-07-11 06:14:42,35.03708999999996,front-end-7f5c844b4c-z924m,sock-shop
2023-07-11 06:08:42,1.750709861,front-end-7f5c844b4c-rmgs8,sock-shop
2023-07-11 06:09:42,0.06089666666666659,front-end-7f5c844b4c-rmgs8,sock-shop
2023-07-11 06:10:42,0.06307666666666674,front-end-7f5c844b4c-rmgs8,sock-shop
2023-07-11 06:11:42,0.047940000000000024,front-end-7f5c844b4c-rmgs8,sock-shop
2023-07-11 06:12:42,0.04523333333333324,front-end-7f5c844b4c-rmgs8,sock-shop
2023-07-11 06:13:42,0.05848666666666687,front-end-7f5c844b4c-rmgs8,sock-shop
2023-07-11 06:14:42,0.11769666666666641,front-end-7f5c844b4c-rmgs8,sock-shop
2023-07-11 06:15:42,5.155463333333333,front-end-7f5c844b4c-rmgs8,sock-shop
2023-07-11 06:16:42,13.595703333333335,front-end-7f5c844b4c-rmgs8,sock-shop
2023-07-11 06:08:42,1.6466289080000003,front-end-7f5c844b4c-wjztn,sock-shop
2023-07-11 06:09:42,0.051089999999999934,front-end-7f5c844b4c-wjztn,sock-shop
2023-07-11 06:10:42,0.05149666666666682,front-end-7f5c844b4c-wjztn,sock-shop
2023-07-11 06:11:42,0.0482799999999998,front-end-7f5c844b4c-wjztn,sock-shop
2023-07-11 06:12:42,0.046393333333333286,front-end-7f5c844b4c-wjztn,sock-shop
2023-07-11 06:13:42,0.06390666666666656,front-end-7f5c844b4c-wjztn,sock-shop
2023-07-11 06:14:42,0.11434666666666667,front-end-7f5c844b4c-wjztn,sock-shop
2023-07-11 06:15:42,7.624790000000001,front-end-7f5c844b4c-wjztn,sock-shop
2023-07-11 06:16:42,16.106693333333332,front-end-7f5c844b4c-wjztn,sock-shop
2023-07-11 06:08:42,0.07750333333333341,front-end-7f5c844b4c-sxf57,sock-shop
2023-07-11 06:09:42,0.07236333333333327,front-end-7f5c844b4c-sxf57,sock-shop
2023-07-11 06:10:42,0.03486666666666638,front-end-7f5c844b4c-sxf57,sock-shop
2023-07-11 06:11:42,0.05427000000000034,front-end-7f5c844b4c-sxf57,sock-shop
2023-07-11 06:12:42,0.04099333333333307,front-end-7f5c844b4c-sxf57,sock-shop
2023-07-11 06:13:42,0.07375333333333325,front-end-7f5c844b4c-sxf57,sock-shop
2023-07-11 06:14:42,0.06734666666666667,front-end-7f5c844b4c-sxf57,sock-shop
2023-07-11 06:15:42,9.68966880972222,front-end-7f5c844b4c-sxf57,sock-shop
2023-07-11 06:16:42,15.590093333333332,front-end-7f5c844b4c-sxf57,sock-shop
2023-07-11 06:08:42,37.658740552000005,orders-74f65597c5-k4nvz,sock-shop
2023-07-11 06:09:42,42.956726666666675,orders-74f65597c5-k4nvz,sock-shop
2023-07-11 06:10:42,12.89141000000001,orders-74f65597c5-k4nvz,sock-shop
2023-07-11 06:11:42,2.5601699999999994,orders-74f65597c5-k4nvz,sock-shop
2023-07-11 06:12:42,3.429069999999991,orders-74f65597c5-k4nvz,sock-shop
2023-07-11 06:13:42,2.581783333333334,orders-74f65597c5-k4nvz,sock-shop
2023-07-11 06:14:42,3.4935033333333365,orders-74f65597c5-k4nvz,sock-shop
2023-07-11 06:15:42,2.976379999999992,orders-74f65597c5-k4nvz,sock-shop
2023-07-11 06:16:42,5.378463333333319,orders-74f65597c5-k4nvz,sock-shop
2023-07-11 06:08:42,24.949709147222222,orders-74f65597c5-ppbfr,sock-shop
2023-07-11 06:09:42,22.90527000000001,orders-74f65597c5-ppbfr,sock-shop
2023-07-11 06:10:42,10.729156666666668,orders-74f65597c5-ppbfr,sock-shop
2023-07-11 06:11:42,3.197863333333354,orders-74f65597c5-ppbfr,sock-shop
2023-07-11 06:12:42,3.042103333333325,orders-74f65597c5-ppbfr,sock-shop
2023-07-11 06:13:42,3.4391866666666715,orders-74f65597c5-ppbfr,sock-shop
2023-07-11 06:14:42,4.350876666666656,orders-74f65597c5-ppbfr,sock-shop
2023-07-11 06:15:42,3.499763333333329,orders-74f65597c5-ppbfr,sock-shop
2023-07-11 06:16:42,3.7272033333333114,orders-74f65597c5-ppbfr,sock-shop
2023-07-11 06:08:42,44.85815751700001,orders-74f65597c5-sng9p,sock-shop
2023-07-11 06:09:42,48.23807666666667,orders-74f65597c5-sng9p,sock-shop
2023-07-11 06:10:42,7.769626666666672,orders-74f65597c5-sng9p,sock-shop
2023-07-11 06:11:42,2.660736666666684,orders-74f65597c5-sng9p,sock-shop
2023-07-11 06:12:42,3.7890200000000123,orders-74f65597c5-sng9p,sock-shop
2023-07-11 06:13:42,2.034530000000008,orders-74f65597c5-sng9p,sock-shop
2023-07-11 06:14:42,2.172373333333321,orders-74f65597c5-sng9p,sock-shop
2023-07-11 06:15:42,4.533179999999983,orders-74f65597c5-sng9p,sock-shop
2023-07-11 06:16:42,7.580160000000001,orders-74f65597c5-sng9p,sock-shop
2023-07-11 06:08:42,51.661988425,orders-74f65597c5-294tn,sock-shop
2023-07-11 06:09:42,8.397410000000011,orders-74f65597c5-294tn,sock-shop
2023-07-11 06:10:42,4.573146666666664,orders-74f65597c5-294tn,sock-shop
2023-07-11 06:11:42,3.018033333333321,orders-74f65597c5-294tn,sock-shop
2023-07-11 06:12:42,3.4088999999999934,orders-74f65597c5-294tn,sock-shop
2023-07-11 06:13:42,1.938873333333338,orders-74f65597c5-294tn,sock-shop
2023-07-11 06:14:42,1.3619933333333258,orders-74f65597c5-294tn,sock-shop
2023-07-11 06:15:42,10.31998999999999,orders-74f65597c5-294tn,sock-shop
2023-07-11 06:16:42,3.2043699999999826,orders-74f65597c5-294tn,sock-shop
2023-07-11 06:08:42,36.682746648888894,orders-74f65597c5-md5bj,sock-shop
2023-07-11 06:09:42,50.88890333333333,orders-74f65597c5-md5bj,sock-shop
2023-07-11 06:10:42,7.543266666666663,orders-74f65597c5-md5bj,sock-shop
2023-07-11 06:11:42,2.5590833333333287,orders-74f65597c5-md5bj,sock-shop
2023-07-11 06:12:42,2.4567366666666857,orders-74f65597c5-md5bj,sock-shop
2023-07-11 06:13:42,2.5042233333333286,orders-74f65597c5-md5bj,sock-shop
2023-07-11 06:14:42,3.295369999999996,orders-74f65597c5-md5bj,sock-shop
2023-07-11 06:15:42,5.627043333333337,orders-74f65597c5-md5bj,sock-shop
2023-07-11 06:16:42,2.9403533333333343,orders-74f65597c5-md5bj,sock-shop
2023-07-11 06:08:42,43.09850709766667,orders-74f65597c5-r58g8,sock-shop
2023-07-11 06:09:42,43.36950999999999,orders-74f65597c5-r58g8,sock-shop
2023-07-11 06:10:42,10.418716666666677,orders-74f65597c5-r58g8,sock-shop
2023-07-11 06:11:42,3.5008433333333264,orders-74f65597c5-r58g8,sock-shop
2023-07-11 06:12:42,4.689083333333338,orders-74f65597c5-r58g8,sock-shop
2023-07-11 06:13:42,2.370973333333334,orders-74f65597c5-r58g8,sock-shop
2023-07-11 06:14:42,3.7769300000000077,orders-74f65597c5-r58g8,sock-shop
2023-07-11 06:15:42,3.356883333333348,orders-74f65597c5-r58g8,sock-shop
2023-07-11 06:16:42,3.8870666666666644,orders-74f65597c5-r58g8,sock-shop
2023-07-11 06:08:42,24.116691248888884,orders-74f65597c5-5kp2v,sock-shop
2023-07-11 06:09:42,30.816756666666677,orders-74f65597c5-5kp2v,sock-shop
2023-07-11 06:10:42,7.83843666666667,orders-74f65597c5-5kp2v,sock-shop
2023-07-11 06:11:42,3.3227200000000088,orders-74f65597c5-5kp2v,sock-shop
2023-07-11 06:12:42,2.997333333333335,orders-74f65597c5-5kp2v,sock-shop
2023-07-11 06:13:42,3.573519999999988,orders-74f65597c5-5kp2v,sock-shop
2023-07-11 06:14:42,6.065953333333335,orders-74f65597c5-5kp2v,sock-shop
2023-07-11 06:15:42,8.519706666666664,orders-74f65597c5-5kp2v,sock-shop
2023-07-11 06:16:42,3.0710166666666554,orders-74f65597c5-5kp2v,sock-shop
2023-07-11 06:06:42,0.05407333333333023,orders-74f65597c5-mvkrp,sock-shop
2023-07-11 06:07:42,38.608469999999976,orders-74f65597c5-mvkrp,sock-shop
2023-07-11 06:08:42,3.012136666666644,orders-74f65597c5-mvkrp,sock-shop
2023-07-11 06:09:42,2.070616666666657,orders-74f65597c5-mvkrp,sock-shop
2023-07-11 06:10:42,1.5936566666667318,orders-74f65597c5-mvkrp,sock-shop
2023-07-11 06:11:42,1.6120866666667173,orders-74f65597c5-mvkrp,sock-shop
2023-07-11 06:12:42,1.4583433333333082,orders-74f65597c5-mvkrp,sock-shop
2023-07-11 06:13:42,1.5788433333332816,orders-74f65597c5-mvkrp,sock-shop
2023-07-11 06:14:42,1.79033666666669,orders-74f65597c5-mvkrp,sock-shop
2023-07-11 06:15:42,2.3247899999999313,orders-74f65597c5-mvkrp,sock-shop
2023-07-11 06:16:42,3.846860000000068,orders-74f65597c5-mvkrp,sock-shop
2023-07-11 06:08:42,45.633727374999985,orders-74f65597c5-fclpt,sock-shop
2023-07-11 06:09:42,8.464946666666648,orders-74f65597c5-fclpt,sock-shop
2023-07-11 06:10:42,6.112006666666663,orders-74f65597c5-fclpt,sock-shop
2023-07-11 06:11:42,3.720483333333344,orders-74f65597c5-fclpt,sock-shop
2023-07-11 06:12:42,1.4946199999999976,orders-74f65597c5-fclpt,sock-shop
2023-07-11 06:13:42,2.54013333333333,orders-74f65597c5-fclpt,sock-shop
2023-07-11 06:14:42,3.324936666666668,orders-74f65597c5-fclpt,sock-shop
2023-07-11 06:15:42,4.715176666666684,orders-74f65597c5-fclpt,sock-shop
2023-07-11 06:16:42,3.1309799999999886,orders-74f65597c5-fclpt,sock-shop
2023-07-11 06:08:42,42.82507489999999,orders-74f65597c5-zj6qv,sock-shop
2023-07-11 06:09:42,17.908719999999978,orders-74f65597c5-zj6qv,sock-shop
2023-07-11 06:10:42,10.215266666666665,orders-74f65597c5-zj6qv,sock-shop
2023-07-11 06:11:42,2.0745900000000006,orders-74f65597c5-zj6qv,sock-shop
2023-07-11 06:12:42,4.658096666666675,orders-74f65597c5-zj6qv,sock-shop
2023-07-11 06:13:42,1.3677100000000073,orders-74f65597c5-zj6qv,sock-shop
2023-07-11 06:14:42,2.8846100000000043,orders-74f65597c5-zj6qv,sock-shop
2023-07-11 06:15:42,7.23196333333334,orders-74f65597c5-zj6qv,sock-shop
2023-07-11 06:16:42,3.751660000000001,orders-74f65597c5-zj6qv,sock-shop
2023-07-11 06:06:42,0.2200700000003053,orders-db-795cb4dcd8-zjrsx,sock-shop
2023-07-11 06:07:42,0.5059333333330567,orders-db-795cb4dcd8-zjrsx,sock-shop
2023-07-11 06:08:42,0.18866666666705592,orders-db-795cb4dcd8-zjrsx,sock-shop
2023-07-11 06:09:42,0.7478166666669495,orders-db-795cb4dcd8-zjrsx,sock-shop
2023-07-11 06:10:42,0.7012766666669753,orders-db-795cb4dcd8-zjrsx,sock-shop
2023-07-11 06:11:42,0.5798699999998765,orders-db-795cb4dcd8-zjrsx,sock-shop
2023-07-11 06:12:42,0.6674200000005234,orders-db-795cb4dcd8-zjrsx,sock-shop
2023-07-11 06:13:42,0.42323333333342816,orders-db-795cb4dcd8-zjrsx,sock-shop
2023-07-11 06:14:42,0.5698866666663586,orders-db-795cb4dcd8-zjrsx,sock-shop
2023-07-11 06:15:42,0.5909166666666957,orders-db-795cb4dcd8-zjrsx,sock-shop
2023-07-11 06:16:42,1.0939299999995455,orders-db-795cb4dcd8-zjrsx,sock-shop
2023-07-11 06:06:42,0.019396666666651186,payment-c7df5b49-t25pz,sock-shop
2023-07-11 06:07:42,0.45095999999998543,payment-c7df5b49-t25pz,sock-shop
2023-07-11 06:08:42,0.09536333333331963,payment-c7df5b49-t25pz,sock-shop
2023-07-11 06:09:42,0.7363366666666593,payment-c7df5b49-t25pz,sock-shop
2023-07-11 06:10:42,0.5491633333333349,payment-c7df5b49-t25pz,sock-shop
2023-07-11 06:11:42,0.40043666666666883,payment-c7df5b49-t25pz,sock-shop
2023-07-11 06:12:42,0.4477933333333321,payment-c7df5b49-t25pz,sock-shop
2023-07-11 06:13:42,0.6077599999999943,payment-c7df5b49-t25pz,sock-shop
2023-07-11 06:14:42,0.49278000000001043,payment-c7df5b49-t25pz,sock-shop
2023-07-11 06:15:42,0.8153200000000046,payment-c7df5b49-t25pz,sock-shop
2023-07-11 06:16:42,0.7795933333333238,payment-c7df5b49-t25pz,sock-shop
2023-07-11 06:06:42,0.055483333333275674,queue-master-9fc44d68d-cj57z,sock-shop
2023-07-11 06:07:42,2.382506666666586,queue-master-9fc44d68d-cj57z,sock-shop
2023-07-11 06:08:42,0.2542033333332938,queue-master-9fc44d68d-cj57z,sock-shop
2023-07-11 06:09:42,0.7024233333333996,queue-master-9fc44d68d-cj57z,sock-shop
2023-07-11 06:10:42,2.0632000000000517,queue-master-9fc44d68d-cj57z,sock-shop
2023-07-11 06:11:42,1.6770299999999831,queue-master-9fc44d68d-cj57z,sock-shop
2023-07-11 06:12:42,2.1465500000001234,queue-master-9fc44d68d-cj57z,sock-shop
2023-07-11 06:13:42,1.4650366666667953,queue-master-9fc44d68d-cj57z,sock-shop
2023-07-11 06:14:42,1.7457466666667187,queue-master-9fc44d68d-cj57z,sock-shop
2023-07-11 06:15:42,3.245169999999954,queue-master-9fc44d68d-cj57z,sock-shop
2023-07-11 06:16:42,1.1067833333332069,queue-master-9fc44d68d-cj57z,sock-shop
2023-07-11 06:06:42,0.7909199999994598,rabbitmq-6576689cc9-f6g45,sock-shop
2023-07-11 06:07:42,1.2853800000008657,rabbitmq-6576689cc9-f6g45,sock-shop
2023-07-11 06:08:42,0.7686700000006871,rabbitmq-6576689cc9-f6g45,sock-shop
2023-07-11 06:09:42,1.4464799999996103,rabbitmq-6576689cc9-f6g45,sock-shop
2023-07-11 06:10:42,1.797749999999117,rabbitmq-6576689cc9-f6g45,sock-shop
2023-07-11 06:11:42,1.3165333333336093,rabbitmq-6576689cc9-f6g45,sock-shop
2023-07-11 06:12:42,0.6475833333342962,rabbitmq-6576689cc9-f6g45,sock-shop
2023-07-11 06:13:42,0.7300900000003215,rabbitmq-6576689cc9-f6g45,sock-shop
2023-07-11 06:14:42,1.5718200000007225,rabbitmq-6576689cc9-f6g45,sock-shop
2023-07-11 06:15:42,1.464769999999286,rabbitmq-6576689cc9-f6g45,sock-shop
2023-07-11 06:16:42,2.4640766666667937,rabbitmq-6576689cc9-f6g45,sock-shop
2023-07-11 06:06:42,0.0,rabbitmq-6576689cc9-f6g45,sock-shop
2023-07-11 06:07:42,6.66666666665483e-05,rabbitmq-6576689cc9-f6g45,sock-shop
2023-07-11 06:08:42,0.0,rabbitmq-6576689cc9-f6g45,sock-shop
2023-07-11 06:09:42,0.0,rabbitmq-6576689cc9-f6g45,sock-shop
2023-07-11 06:10:42,0.0,rabbitmq-6576689cc9-f6g45,sock-shop
2023-07-11 06:11:42,0.0,rabbitmq-6576689cc9-f6g45,sock-shop
2023-07-11 06:12:42,7.333333333322163e-05,rabbitmq-6576689cc9-f6g45,sock-shop
2023-07-11 06:13:42,0.0,rabbitmq-6576689cc9-f6g45,sock-shop
2023-07-11 06:14:42,0.0,rabbitmq-6576689cc9-f6g45,sock-shop
2023-07-11 06:15:42,0.0,rabbitmq-6576689cc9-f6g45,sock-shop
2023-07-11 06:16:42,6.333333333330415e-05,rabbitmq-6576689cc9-f6g45,sock-shop
2023-07-11 06:06:42,0.06259666666664998,session-db-695f7fd48f-42hcz,sock-shop
2023-07-11 06:07:42,0.5837833333331824,session-db-695f7fd48f-42hcz,sock-shop
2023-07-11 06:08:42,0.4902133333333343,session-db-695f7fd48f-42hcz,sock-shop
2023-07-11 06:09:42,0.7522433333330507,session-db-695f7fd48f-42hcz,sock-shop
2023-07-11 06:10:42,0.6800300000001395,session-db-695f7fd48f-42hcz,sock-shop
2023-07-11 06:11:42,0.9638166666669198,session-db-695f7fd48f-42hcz,sock-shop
2023-07-11 06:12:42,1.0693366666669135,session-db-695f7fd48f-42hcz,sock-shop
2023-07-11 06:13:42,1.1606999999999819,session-db-695f7fd48f-42hcz,sock-shop
2023-07-11 06:14:42,0.5363199999999324,session-db-695f7fd48f-42hcz,sock-shop
2023-07-11 06:15:42,1.8407799999999954,session-db-695f7fd48f-42hcz,sock-shop
2023-07-11 06:16:42,1.2322099999998197,session-db-695f7fd48f-42hcz,sock-shop
2023-07-11 06:06:42,0.04230333333339331,shipping-79c568cddc-sspnz,sock-shop
2023-07-11 06:07:42,1.556123333333327,shipping-79c568cddc-sspnz,sock-shop
2023-07-11 06:08:42,0.24956666666677546,shipping-79c568cddc-sspnz,sock-shop
2023-07-11 06:09:42,2.14712666666666,shipping-79c568cddc-sspnz,sock-shop
2023-07-11 06:10:42,1.2515099999999773,shipping-79c568cddc-sspnz,sock-shop
2023-07-11 06:11:42,1.2544699999998936,shipping-79c568cddc-sspnz,sock-shop
2023-07-11 06:12:42,1.2824466666666012,shipping-79c568cddc-sspnz,sock-shop
2023-07-11 06:13:42,1.4582333333332067,shipping-79c568cddc-sspnz,sock-shop
2023-07-11 06:14:42,1.672906666666639,shipping-79c568cddc-sspnz,sock-shop
2023-07-11 06:15:42,1.3568133333332828,shipping-79c568cddc-sspnz,sock-shop
2023-07-11 06:16:42,2.1039833333333036,shipping-79c568cddc-sspnz,sock-shop
2023-07-11 06:08:42,37.451747652777776,shipping-79c568cddc-p9mpp,sock-shop
2023-07-11 06:09:42,20.426099999999998,shipping-79c568cddc-p9mpp,sock-shop
2023-07-11 06:10:42,2.3232333333333344,shipping-79c568cddc-p9mpp,sock-shop
2023-07-11 06:11:42,0.8372699999999847,shipping-79c568cddc-p9mpp,sock-shop
2023-07-11 06:12:42,1.8002999999999978,shipping-79c568cddc-p9mpp,sock-shop
2023-07-11 06:13:42,2.5213766666666735,shipping-79c568cddc-p9mpp,sock-shop
2023-07-11 06:14:42,2.971900000000005,shipping-79c568cddc-p9mpp,sock-shop
2023-07-11 06:15:42,3.462546666666668,shipping-79c568cddc-p9mpp,sock-shop
2023-07-11 06:16:42,3.8628833333333294,shipping-79c568cddc-p9mpp,sock-shop
2023-07-11 06:16:42,0.00547,user-79dddf5cc9-6bcr9,sock-shop
2023-07-11 06:08:42,0.03369666666666666,user-79dddf5cc9-skskv,sock-shop
2023-07-11 06:09:42,0.005500000000000007,user-79dddf5cc9-skskv,sock-shop
2023-07-11 06:10:42,0.005610000000000001,user-79dddf5cc9-skskv,sock-shop
2023-07-11 06:11:42,0.8833265513888889,user-79dddf5cc9-skskv,sock-shop
2023-07-11 06:12:42,1.4642766666666662,user-79dddf5cc9-skskv,sock-shop
2023-07-11 06:13:42,2.865733333333334,user-79dddf5cc9-skskv,sock-shop
2023-07-11 06:14:42,3.2074766666666665,user-79dddf5cc9-skskv,sock-shop
2023-07-11 06:15:42,4.842830000000001,user-79dddf5cc9-skskv,sock-shop
2023-07-11 06:16:42,5.3660933333333345,user-79dddf5cc9-skskv,sock-shop
2023-07-11 06:06:42,0.04450000000000879,user-79dddf5cc9-5ws59,sock-shop
2023-07-11 06:07:42,6.102383333333326,user-79dddf5cc9-5ws59,sock-shop
2023-07-11 06:08:42,6.538486666666661,user-79dddf5cc9-5ws59,sock-shop
2023-07-11 06:09:42,7.561630000000008,user-79dddf5cc9-5ws59,sock-shop
2023-07-11 06:10:42,11.902853333333354,user-79dddf5cc9-5ws59,sock-shop
2023-07-11 06:11:42,5.57495000000003,user-79dddf5cc9-5ws59,sock-shop
2023-07-11 06:12:42,2.7415966666666707,user-79dddf5cc9-5ws59,sock-shop
2023-07-11 06:13:42,1.7192533333333415,user-79dddf5cc9-5ws59,sock-shop
2023-07-11 06:14:42,3.3901999999999552,user-79dddf5cc9-5ws59,sock-shop
2023-07-11 06:15:42,3.804360000000031,user-79dddf5cc9-5ws59,sock-shop
2023-07-11 06:16:42,3.64909666666667,user-79dddf5cc9-5ws59,sock-shop
2023-07-11 06:16:42,0.03518635694444444,user-79dddf5cc9-zx4hh,sock-shop
2023-07-11 06:08:42,0.004933333333333329,user-79dddf5cc9-8rhcm,sock-shop
2023-07-11 06:09:42,0.004696666666666668,user-79dddf5cc9-8rhcm,sock-shop
2023-07-11 06:10:42,0.004583333333333338,user-79dddf5cc9-8rhcm,sock-shop
2023-07-11 06:11:42,1.4381078777777778,user-79dddf5cc9-8rhcm,sock-shop
2023-07-11 06:12:42,2.4965100000000002,user-79dddf5cc9-8rhcm,sock-shop
2023-07-11 06:13:42,3.6172833333333334,user-79dddf5cc9-8rhcm,sock-shop
2023-07-11 06:14:42,3.8852299999999986,user-79dddf5cc9-8rhcm,sock-shop
2023-07-11 06:15:42,5.3001433333333345,user-79dddf5cc9-8rhcm,sock-shop
2023-07-11 06:16:42,4.669530000000002,user-79dddf5cc9-8rhcm,sock-shop
2023-07-11 06:06:42,0.14857666666633426,user-db-b8dfb847c-bztm2,sock-shop
2023-07-11 06:07:42,2.0206933333330803,user-db-b8dfb847c-bztm2,sock-shop
2023-07-11 06:08:42,4.376973333332899,user-db-b8dfb847c-bztm2,sock-shop
2023-07-11 06:09:42,5.920926666666825,user-db-b8dfb847c-bztm2,sock-shop
2023-07-11 06:10:42,4.950700000000173,user-db-b8dfb847c-bztm2,sock-shop
2023-07-11 06:11:42,4.05745999999984,user-db-b8dfb847c-bztm2,sock-shop
2023-07-11 06:12:42,1.9056000000000497,user-db-b8dfb847c-bztm2,sock-shop
2023-07-11 06:13:42,4.463310000000244,user-db-b8dfb847c-bztm2,sock-shop
2023-07-11 06:14:42,23.29001333333357,user-db-b8dfb847c-bztm2,sock-shop
2023-07-11 06:15:42,8.68360999999974,user-db-b8dfb847c-bztm2,sock-shop
2023-07-11 06:16:42,7.005263333333763,user-db-b8dfb847c-bztm2,sock-shop
2023-07-11 06:06:42,0.22656000000097265,carts-db-ff8647ccb-48ctt,sock-shop
2023-07-11 06:07:42,199.63177333333383,carts-db-ff8647ccb-48ctt,sock-shop
2023-07-11 06:08:42,199.51842999999977,carts-db-ff8647ccb-48ctt,sock-shop
2023-07-11 06:09:42,277.70174333333364,carts-db-ff8647ccb-48ctt,sock-shop
2023-07-11 06:10:42,242.41002666666645,carts-db-ff8647ccb-48ctt,sock-shop
2023-07-11 06:11:42,186.83065999999903,carts-db-ff8647ccb-48ctt,sock-shop
2023-07-11 06:12:42,175.1917733333327,carts-db-ff8647ccb-48ctt,sock-shop
2023-07-11 06:13:42,211.77225000000058,carts-db-ff8647ccb-48ctt,sock-shop
2023-07-11 06:14:42,318.96836999999925,carts-db-ff8647ccb-48ctt,sock-shop
2023-07-11 06:15:42,374.3013500000021,carts-db-ff8647ccb-48ctt,sock-shop
2023-07-11 06:16:42,496.9736600000003,carts-db-ff8647ccb-48ctt,sock-shop
2023-07-11 06:06:42,0.0,carts-db-ff8647ccb-48ctt,sock-shop
2023-07-11 06:07:42,0.0,carts-db-ff8647ccb-48ctt,sock-shop
2023-07-11 06:08:42,0.0,carts-db-ff8647ccb-48ctt,sock-shop
2023-07-11 06:09:42,0.0,carts-db-ff8647ccb-48ctt,sock-shop
2023-07-11 06:10:42,0.0,carts-db-ff8647ccb-48ctt,sock-shop
2023-07-11 06:11:42,0.0,carts-db-ff8647ccb-48ctt,sock-shop
2023-07-11 06:12:42,0.0,carts-db-ff8647ccb-48ctt,sock-shop
2023-07-11 06:13:42,0.0,carts-db-ff8647ccb-48ctt,sock-shop
2023-07-11 06:14:42,0.0,carts-db-ff8647ccb-48ctt,sock-shop
2023-07-11 06:15:42,0.0,carts-db-ff8647ccb-48ctt,sock-shop
2023-07-11 06:16:42,0.0,carts-db-ff8647ccb-48ctt,sock-shop
2023-07-11 06:06:42,0.14546999999993204,user-db-b8dfb847c-bztm2,sock-shop
2023-07-11 06:07:42,4.073123333333418,user-db-b8dfb847c-bztm2,sock-shop
2023-07-11 06:08:42,5.551140000000032,user-db-b8dfb847c-bztm2,sock-shop
2023-07-11 06:09:42,6.109050000000025,user-db-b8dfb847c-bztm2,sock-shop
2023-07-11 06:10:42,5.075399999999869,user-db-b8dfb847c-bztm2,sock-shop
2023-07-11 06:11:42,3.339816666666593,user-db-b8dfb847c-bztm2,sock-shop
2023-07-11 06:12:42,4.688119999999951,user-db-b8dfb847c-bztm2,sock-shop
2023-07-11 06:13:42,5.6092600000003285,user-db-b8dfb847c-bztm2,sock-shop
2023-07-11 06:14:42,20.08705999999999,user-db-b8dfb847c-bztm2,sock-shop
2023-07-11 06:15:42,7.7172666666660925,user-db-b8dfb847c-bztm2,sock-shop
2023-07-11 06:16:42,7.063386666667004,user-db-b8dfb847c-bztm2,sock-shop
2023-07-11 06:06:42,0.0,user-db-b8dfb847c-bztm2,sock-shop
2023-07-11 06:07:42,0.0,user-db-b8dfb847c-bztm2,sock-shop
2023-07-11 06:08:42,0.0,user-db-b8dfb847c-bztm2,sock-shop
2023-07-11 06:09:42,0.0,user-db-b8dfb847c-bztm2,sock-shop
2023-07-11 06:10:42,0.0,user-db-b8dfb847c-bztm2,sock-shop
2023-07-11 06:11:42,0.0,user-db-b8dfb847c-bztm2,sock-shop
2023-07-11 06:12:42,0.0,user-db-b8dfb847c-bztm2,sock-shop
2023-07-11 06:13:42,0.0,user-db-b8dfb847c-bztm2,sock-shop
2023-07-11 06:14:42,0.0,user-db-b8dfb847c-bztm2,sock-shop
2023-07-11 06:15:42,0.0,user-db-b8dfb847c-bztm2,sock-shop
2023-07-11 06:16:42,0.0,user-db-b8dfb847c-bztm2,sock-shop
2023-07-11 06:06:42,0.06394666666665216,session-db-695f7fd48f-42hcz,sock-shop
2023-07-11 06:07:42,0.4327866666668948,session-db-695f7fd48f-42hcz,sock-shop
2023-07-11 06:08:42,0.6661466666666154,session-db-695f7fd48f-42hcz,sock-shop
2023-07-11 06:09:42,1.0637933333331753,session-db-695f7fd48f-42hcz,sock-shop
2023-07-11 06:10:42,0.6380099999997432,session-db-695f7fd48f-42hcz,sock-shop
2023-07-11 06:11:42,0.7465233333334709,session-db-695f7fd48f-42hcz,sock-shop
2023-07-11 06:12:42,0.7072066666667827,session-db-695f7fd48f-42hcz,sock-shop
2023-07-11 06:13:42,0.6783466666668877,session-db-695f7fd48f-42hcz,sock-shop
2023-07-11 06:14:42,0.8989166666666885,session-db-695f7fd48f-42hcz,sock-shop
2023-07-11 06:15:42,0.9332900000000184,session-db-695f7fd48f-42hcz,sock-shop
2023-07-11 06:16:42,1.605926666666543,session-db-695f7fd48f-42hcz,sock-shop
2023-07-11 06:06:42,0.0,session-db-695f7fd48f-42hcz,sock-shop
2023-07-11 06:07:42,0.0,session-db-695f7fd48f-42hcz,sock-shop
2023-07-11 06:08:42,0.0,session-db-695f7fd48f-42hcz,sock-shop
2023-07-11 06:09:42,0.0,session-db-695f7fd48f-42hcz,sock-shop
2023-07-11 06:10:42,0.0,session-db-695f7fd48f-42hcz,sock-shop
2023-07-11 06:11:42,0.0,session-db-695f7fd48f-42hcz,sock-shop
2023-07-11 06:12:42,0.0,session-db-695f7fd48f-42hcz,sock-shop
2023-07-11 06:13:42,0.0,session-db-695f7fd48f-42hcz,sock-shop
2023-07-11 06:14:42,0.0,session-db-695f7fd48f-42hcz,sock-shop
2023-07-11 06:15:42,0.0,session-db-695f7fd48f-42hcz,sock-shop
2023-07-11 06:16:42,0.0,session-db-695f7fd48f-42hcz,sock-shop
2023-07-11 06:06:42,0.2291233333335185,orders-db-795cb4dcd8-zjrsx,sock-shop
2023-07-11 06:07:42,0.6187466666665387,orders-db-795cb4dcd8-zjrsx,sock-shop
2023-07-11 06:08:42,0.3300666666670319,orders-db-795cb4dcd8-zjrsx,sock-shop
2023-07-11 06:09:42,0.646236666666482,orders-db-795cb4dcd8-zjrsx,sock-shop
2023-07-11 06:10:42,0.7340566666660682,orders-db-795cb4dcd8-zjrsx,sock-shop
2023-07-11 06:11:42,0.7425366666666378,orders-db-795cb4dcd8-zjrsx,sock-shop
2023-07-11 06:12:42,0.42737666666653235,orders-db-795cb4dcd8-zjrsx,sock-shop
2023-07-11 06:13:42,0.7591266666668162,orders-db-795cb4dcd8-zjrsx,sock-shop
2023-07-11 06:14:42,0.8101800000000973,orders-db-795cb4dcd8-zjrsx,sock-shop
2023-07-11 06:15:42,1.2024166666666738,orders-db-795cb4dcd8-zjrsx,sock-shop
2023-07-11 06:16:42,1.0944233333331492,orders-db-795cb4dcd8-zjrsx,sock-shop
2023-07-11 06:06:42,0.0,orders-db-795cb4dcd8-zjrsx,sock-shop
2023-07-11 06:07:42,0.0,orders-db-795cb4dcd8-zjrsx,sock-shop
2023-07-11 06:08:42,0.0,orders-db-795cb4dcd8-zjrsx,sock-shop
2023-07-11 06:09:42,0.0,orders-db-795cb4dcd8-zjrsx,sock-shop
2023-07-11 06:10:42,0.0,orders-db-795cb4dcd8-zjrsx,sock-shop
2023-07-11 06:11:42,0.0,orders-db-795cb4dcd8-zjrsx,sock-shop
2023-07-11 06:12:42,0.0,orders-db-795cb4dcd8-zjrsx,sock-shop
2023-07-11 06:13:42,0.0,orders-db-795cb4dcd8-zjrsx,sock-shop
2023-07-11 06:14:42,0.0,orders-db-795cb4dcd8-zjrsx,sock-shop
2023-07-11 06:15:42,0.0,orders-db-795cb4dcd8-zjrsx,sock-shop
2023-07-11 06:16:42,0.0,orders-db-795cb4dcd8-zjrsx,sock-shop
2023-07-11 06:06:42,0.012126666666650484,catalogue-db-6b55d8cdb7-dph5w,sock-shop
2023-07-11 06:07:42,3.3177033333332893,catalogue-db-6b55d8cdb7-dph5w,sock-shop
2023-07-11 06:08:42,3.857350000000016,catalogue-db-6b55d8cdb7-dph5w,sock-shop
2023-07-11 06:09:42,2.818240000000003,catalogue-db-6b55d8cdb7-dph5w,sock-shop
2023-07-11 06:10:42,1.5854399999999675,catalogue-db-6b55d8cdb7-dph5w,sock-shop
2023-07-11 06:11:42,1.522036666666698,catalogue-db-6b55d8cdb7-dph5w,sock-shop
2023-07-11 06:12:42,1.9801933333333936,catalogue-db-6b55d8cdb7-dph5w,sock-shop
2023-07-11 06:13:42,1.6214433333333507,catalogue-db-6b55d8cdb7-dph5w,sock-shop
2023-07-11 06:14:42,1.227229999999982,catalogue-db-6b55d8cdb7-dph5w,sock-shop
2023-07-11 06:15:42,3.249809999999987,catalogue-db-6b55d8cdb7-dph5w,sock-shop
2023-07-11 06:16:42,1.52055333333332,catalogue-db-6b55d8cdb7-dph5w,sock-shop
2023-07-11 06:06:42,0.0,catalogue-db-6b55d8cdb7-dph5w,sock-shop
2023-07-11 06:07:42,0.0,catalogue-db-6b55d8cdb7-dph5w,sock-shop
2023-07-11 06:08:42,0.0,catalogue-db-6b55d8cdb7-dph5w,sock-shop
2023-07-11 06:09:42,0.0,catalogue-db-6b55d8cdb7-dph5w,sock-shop
2023-07-11 06:10:42,0.0,catalogue-db-6b55d8cdb7-dph5w,sock-shop
2023-07-11 06:11:42,0.0,catalogue-db-6b55d8cdb7-dph5w,sock-shop
2023-07-11 06:12:42,0.0,catalogue-db-6b55d8cdb7-dph5w,sock-shop
2023-07-11 06:13:42,0.0,catalogue-db-6b55d8cdb7-dph5w,sock-shop
2023-07-11 06:14:42,0.0,catalogue-db-6b55d8cdb7-dph5w,sock-shop
2023-07-11 06:15:42,0.0,catalogue-db-6b55d8cdb7-dph5w,sock-shop
2023-07-11 06:16:42,0.0,catalogue-db-6b55d8cdb7-dph5w,sock-shop
2023-07-11 06:06:42,0.6858866666667988,rabbitmq-6576689cc9-f6g45,sock-shop
2023-07-11 06:07:42,1.210246666666232,rabbitmq-6576689cc9-f6g45,sock-shop
2023-07-11 06:08:42,0.9205066666663698,rabbitmq-6576689cc9-f6g45,sock-shop
2023-07-11 06:09:42,1.6184533333322784,rabbitmq-6576689cc9-f6g45,sock-shop
2023-07-11 06:10:42,1.671949999999924,rabbitmq-6576689cc9-f6g45,sock-shop
2023-07-11 06:11:42,0.8329800000001341,rabbitmq-6576689cc9-f6g45,sock-shop
2023-07-11 06:12:42,1.588483333333291,rabbitmq-6576689cc9-f6g45,sock-shop
2023-07-11 06:13:42,1.497229999999945,rabbitmq-6576689cc9-f6g45,sock-shop
2023-07-11 06:14:42,1.8139366666673595,rabbitmq-6576689cc9-f6g45,sock-shop
2023-07-11 06:15:42,1.7642966666668751,rabbitmq-6576689cc9-f6g45,sock-shop
2023-07-11 06:16:42,3.1325866666672177,rabbitmq-6576689cc9-f6g45,sock-shop
2023-07-11 06:06:42,0.0,rabbitmq-6576689cc9-f6g45,sock-shop
2023-07-11 06:07:42,0.0,rabbitmq-6576689cc9-f6g45,sock-shop
2023-07-11 06:08:42,0.0,rabbitmq-6576689cc9-f6g45,sock-shop
2023-07-11 06:09:42,0.0,rabbitmq-6576689cc9-f6g45,sock-shop
2023-07-11 06:10:42,0.0,rabbitmq-6576689cc9-f6g45,sock-shop
2023-07-11 06:11:42,0.0,rabbitmq-6576689cc9-f6g45,sock-shop
2023-07-11 06:12:42,0.0,rabbitmq-6576689cc9-f6g45,sock-shop
2023-07-11 06:13:42,0.0,rabbitmq-6576689cc9-f6g45,sock-shop
2023-07-11 06:14:42,0.0,rabbitmq-6576689cc9-f6g45,sock-shop
2023-07-11 06:15:42,0.0,rabbitmq-6576689cc9-f6g45,sock-shop
2023-07-11 06:16:42,0.0,rabbitmq-6576689cc9-f6g45,sock-shop
2023-07-11 06:08:42,48.35954007566666,orders-74f65597c5-k4nvz,sock-shop
2023-07-11 06:09:42,42.829726666666666,orders-74f65597c5-k4nvz,sock-shop
2023-07-11 06:10:42,14.926826666666646,orders-74f65597c5-k4nvz,sock-shop
2023-07-11 06:11:42,3.329636666666668,orders-74f65597c5-k4nvz,sock-shop
2023-07-11 06:12:42,1.366943333333334,orders-74f65597c5-k4nvz,sock-shop
2023-07-11 06:13:42,3.5928666666666706,orders-74f65597c5-k4nvz,sock-shop
2023-07-11 06:14:42,3.3619066666666697,orders-74f65597c5-k4nvz,sock-shop
2023-07-11 06:15:42,3.8803733333333192,orders-74f65597c5-k4nvz,sock-shop
2023-07-11 06:16:42,5.9826433333333515,orders-74f65597c5-k4nvz,sock-shop
2023-07-11 06:08:42,0.0,orders-74f65597c5-k4nvz,sock-shop
2023-07-11 06:09:42,0.0,orders-74f65597c5-k4nvz,sock-shop
2023-07-11 06:10:42,0.0,orders-74f65597c5-k4nvz,sock-shop
2023-07-11 06:11:42,0.0,orders-74f65597c5-k4nvz,sock-shop
2023-07-11 06:12:42,0.0,orders-74f65597c5-k4nvz,sock-shop
2023-07-11 06:13:42,0.0,orders-74f65597c5-k4nvz,sock-shop
2023-07-11 06:14:42,0.0,orders-74f65597c5-k4nvz,sock-shop
2023-07-11 06:15:42,0.0,orders-74f65597c5-k4nvz,sock-shop
2023-07-11 06:16:42,0.0,orders-74f65597c5-k4nvz,sock-shop
2023-07-11 06:09:42,51.79738333333332,orders-74f65597c5-ppbfr,sock-shop
2023-07-11 06:10:42,10.44347333333332,orders-74f65597c5-ppbfr,sock-shop
2023-07-11 06:11:42,4.857269999999994,orders-74f65597c5-ppbfr,sock-shop
2023-07-11 06:12:42,3.440973333333351,orders-74f65597c5-ppbfr,sock-shop
2023-07-11 06:13:42,3.322903333333329,orders-74f65597c5-ppbfr,sock-shop
2023-07-11 06:14:42,2.5580166666666555,orders-74f65597c5-ppbfr,sock-shop
2023-07-11 06:15:42,6.067456666666662,orders-74f65597c5-ppbfr,sock-shop
2023-07-11 06:16:42,3.1070399999999885,orders-74f65597c5-ppbfr,sock-shop
2023-07-11 06:08:42,0.001810000000000006,orders-74f65597c5-ppbfr,sock-shop
2023-07-11 06:09:42,0.0,orders-74f65597c5-ppbfr,sock-shop
2023-07-11 06:10:42,0.0,orders-74f65597c5-ppbfr,sock-shop
2023-07-11 06:11:42,0.0,orders-74f65597c5-ppbfr,sock-shop
2023-07-11 06:12:42,0.0,orders-74f65597c5-ppbfr,sock-shop
2023-07-11 06:13:42,0.0,orders-74f65597c5-ppbfr,sock-shop
2023-07-11 06:14:42,0.0,orders-74f65597c5-ppbfr,sock-shop
2023-07-11 06:15:42,0.0,orders-74f65597c5-ppbfr,sock-shop
2023-07-11 06:16:42,0.0,orders-74f65597c5-ppbfr,sock-shop
2023-07-11 06:09:42,31.90568666666666,orders-74f65597c5-sng9p,sock-shop
2023-07-11 06:10:42,7.97969000000002,orders-74f65597c5-sng9p,sock-shop
2023-07-11 06:11:42,2.034463333333344,orders-74f65597c5-sng9p,sock-shop
2023-07-11 06:12:42,4.322833333333331,orders-74f65597c5-sng9p,sock-shop
2023-07-11 06:13:42,2.320229999999981,orders-74f65597c5-sng9p,sock-shop
2023-07-11 06:14:42,2.551109999999994,orders-74f65597c5-sng9p,sock-shop
2023-07-11 06:15:42,4.676543333333332,orders-74f65597c5-sng9p,sock-shop
2023-07-11 06:16:42,9.318173333333348,orders-74f65597c5-sng9p,sock-shop
2023-07-11 06:08:42,0.002596666666666673,orders-74f65597c5-sng9p,sock-shop
2023-07-11 06:09:42,0.0,orders-74f65597c5-sng9p,sock-shop
2023-07-11 06:10:42,0.0,orders-74f65597c5-sng9p,sock-shop
2023-07-11 06:11:42,0.0,orders-74f65597c5-sng9p,sock-shop
2023-07-11 06:12:42,0.0,orders-74f65597c5-sng9p,sock-shop
2023-07-11 06:13:42,0.0,orders-74f65597c5-sng9p,sock-shop
2023-07-11 06:14:42,0.0,orders-74f65597c5-sng9p,sock-shop
2023-07-11 06:15:42,0.0,orders-74f65597c5-sng9p,sock-shop
2023-07-11 06:16:42,0.0,orders-74f65597c5-sng9p,sock-shop
2023-07-11 06:06:42,0.046886666666713,shipping-79c568cddc-sspnz,sock-shop
2023-07-11 06:07:42,1.891326666666752,shipping-79c568cddc-sspnz,sock-shop
2023-07-11 06:08:42,0.21743666666660977,shipping-79c568cddc-sspnz,sock-shop
2023-07-11 06:09:42,2.60957,shipping-79c568cddc-sspnz,sock-shop
2023-07-11 06:10:42,1.5754933333333079,shipping-79c568cddc-sspnz,sock-shop
2023-07-11 06:11:42,1.4584233333332954,shipping-79c568cddc-sspnz,sock-shop
2023-07-11 06:12:42,1.7888400000000124,shipping-79c568cddc-sspnz,sock-shop
2023-07-11 06:13:42,1.7554100000000972,shipping-79c568cddc-sspnz,sock-shop
2023-07-11 06:14:42,1.5342733333333551,shipping-79c568cddc-sspnz,sock-shop
2023-07-11 06:15:42,1.4027133333333572,shipping-79c568cddc-sspnz,sock-shop
2023-07-11 06:16:42,1.3735799999998715,shipping-79c568cddc-sspnz,sock-shop
2023-07-11 06:06:42,0.0,shipping-79c568cddc-sspnz,sock-shop
2023-07-11 06:07:42,0.0,shipping-79c568cddc-sspnz,sock-shop
2023-07-11 06:08:42,0.0,shipping-79c568cddc-sspnz,sock-shop
2023-07-11 06:09:42,0.0,shipping-79c568cddc-sspnz,sock-shop
2023-07-11 06:10:42,0.0,shipping-79c568cddc-sspnz,sock-shop
2023-07-11 06:11:42,0.0,shipping-79c568cddc-sspnz,sock-shop
2023-07-11 06:12:42,0.0,shipping-79c568cddc-sspnz,sock-shop
2023-07-11 06:13:42,0.0,shipping-79c568cddc-sspnz,sock-shop
2023-07-11 06:14:42,0.0,shipping-79c568cddc-sspnz,sock-shop
2023-07-11 06:15:42,0.0,shipping-79c568cddc-sspnz,sock-shop
2023-07-11 06:16:42,0.0,shipping-79c568cddc-sspnz,sock-shop
2023-07-11 06:16:42,0.004596666666666684,user-79dddf5cc9-6bcr9,sock-shop
2023-07-11 06:16:42,0.0,user-79dddf5cc9-6bcr9,sock-shop
2023-07-11 06:08:42,48.244582315277775,orders-74f65597c5-294tn,sock-shop
2023-07-11 06:09:42,12.943136666666675,orders-74f65597c5-294tn,sock-shop
2023-07-11 06:10:42,3.771149999999987,orders-74f65597c5-294tn,sock-shop
2023-07-11 06:11:42,3.0074366666666683,orders-74f65597c5-294tn,sock-shop
2023-07-11 06:12:42,4.736159999999998,orders-74f65597c5-294tn,sock-shop
2023-07-11 06:13:42,1.488206666666656,orders-74f65597c5-294tn,sock-shop
2023-07-11 06:14:42,3.1031266666666584,orders-74f65597c5-294tn,sock-shop
2023-07-11 06:15:42,10.587090000000003,orders-74f65597c5-294tn,sock-shop
2023-07-11 06:16:42,2.4119799999999953,orders-74f65597c5-294tn,sock-shop
2023-07-11 06:08:42,0.0,orders-74f65597c5-294tn,sock-shop
2023-07-11 06:09:42,0.0,orders-74f65597c5-294tn,sock-shop
2023-07-11 06:10:42,0.0,orders-74f65597c5-294tn,sock-shop
2023-07-11 06:11:42,0.0,orders-74f65597c5-294tn,sock-shop
2023-07-11 06:12:42,0.0,orders-74f65597c5-294tn,sock-shop
2023-07-11 06:13:42,0.0,orders-74f65597c5-294tn,sock-shop
2023-07-11 06:14:42,0.0,orders-74f65597c5-294tn,sock-shop
2023-07-11 06:15:42,0.0,orders-74f65597c5-294tn,sock-shop
2023-07-11 06:16:42,0.0,orders-74f65597c5-294tn,sock-shop
2023-07-11 06:06:42,0.017326666666666785,payment-c7df5b49-t25pz,sock-shop
2023-07-11 06:07:42,0.28488333333333077,payment-c7df5b49-t25pz,sock-shop
2023-07-11 06:08:42,0.09874666666666106,payment-c7df5b49-t25pz,sock-shop
2023-07-11 06:09:42,0.7702766666666605,payment-c7df5b49-t25pz,sock-shop
2023-07-11 06:10:42,0.452366666666677,payment-c7df5b49-t25pz,sock-shop
2023-07-11 06:11:42,0.3345566666666618,payment-c7df5b49-t25pz,sock-shop
2023-07-11 06:12:42,0.25607000000000824,payment-c7df5b49-t25pz,sock-shop
2023-07-11 06:13:42,0.31581000000000375,payment-c7df5b49-t25pz,sock-shop
2023-07-11 06:14:42,0.5399666666666528,payment-c7df5b49-t25pz,sock-shop
2023-07-11 06:15:42,0.4350133333333398,payment-c7df5b49-t25pz,sock-shop
2023-07-11 06:16:42,0.8304033333333176,payment-c7df5b49-t25pz,sock-shop
2023-07-11 06:06:42,0.0,payment-c7df5b49-t25pz,sock-shop
2023-07-11 06:07:42,0.0,payment-c7df5b49-t25pz,sock-shop
2023-07-11 06:08:42,0.0,payment-c7df5b49-t25pz,sock-shop
2023-07-11 06:09:42,0.0,payment-c7df5b49-t25pz,sock-shop
2023-07-11 06:10:42,0.0,payment-c7df5b49-t25pz,sock-shop
2023-07-11 06:11:42,0.0,payment-c7df5b49-t25pz,sock-shop
2023-07-11 06:12:42,0.0,payment-c7df5b49-t25pz,sock-shop
2023-07-11 06:13:42,0.0,payment-c7df5b49-t25pz,sock-shop
2023-07-11 06:14:42,0.0,payment-c7df5b49-t25pz,sock-shop
2023-07-11 06:15:42,0.0,payment-c7df5b49-t25pz,sock-shop
2023-07-11 06:16:42,0.0,payment-c7df5b49-t25pz,sock-shop
2023-07-11 06:06:42,0.06479333333326547,queue-master-9fc44d68d-cj57z,sock-shop
2023-07-11 06:07:42,1.548240000000002,queue-master-9fc44d68d-cj57z,sock-shop
2023-07-11 06:08:42,0.22293333333323062,queue-master-9fc44d68d-cj57z,sock-shop
2023-07-11 06:09:42,0.9867733333334173,queue-master-9fc44d68d-cj57z,sock-shop
2023-07-11 06:10:42,1.9685466666665734,queue-master-9fc44d68d-cj57z,sock-shop
2023-07-11 06:11:42,1.4865599999999783,queue-master-9fc44d68d-cj57z,sock-shop
2023-07-11 06:12:42,1.9478199999999408,queue-master-9fc44d68d-cj57z,sock-shop
2023-07-11 06:13:42,1.5720100000000532,queue-master-9fc44d68d-cj57z,sock-shop
2023-07-11 06:14:42,1.7286733333334798,queue-master-9fc44d68d-cj57z,sock-shop
2023-07-11 06:15:42,3.5960766666666664,queue-master-9fc44d68d-cj57z,sock-shop
2023-07-11 06:16:42,2.4055933333333237,queue-master-9fc44d68d-cj57z,sock-shop
2023-07-11 06:06:42,0.0,queue-master-9fc44d68d-cj57z,sock-shop
2023-07-11 06:07:42,0.0,queue-master-9fc44d68d-cj57z,sock-shop
2023-07-11 06:08:42,0.0,queue-master-9fc44d68d-cj57z,sock-shop
2023-07-11 06:09:42,0.0,queue-master-9fc44d68d-cj57z,sock-shop
2023-07-11 06:10:42,0.0,queue-master-9fc44d68d-cj57z,sock-shop
2023-07-11 06:11:42,0.0,queue-master-9fc44d68d-cj57z,sock-shop
2023-07-11 06:12:42,0.0,queue-master-9fc44d68d-cj57z,sock-shop
2023-07-11 06:13:42,0.0,queue-master-9fc44d68d-cj57z,sock-shop
2023-07-11 06:14:42,0.0,queue-master-9fc44d68d-cj57z,sock-shop
2023-07-11 06:15:42,0.0,queue-master-9fc44d68d-cj57z,sock-shop
2023-07-11 06:16:42,0.0,queue-master-9fc44d68d-cj57z,sock-shop
2023-07-11 06:08:42,0.062036666666666435,front-end-7f5c844b4c-67964,sock-shop
2023-07-11 06:09:42,0.028416666666666684,front-end-7f5c844b4c-67964,sock-shop
2023-07-11 06:10:42,0.021953333333333637,front-end-7f5c844b4c-67964,sock-shop
2023-07-11 06:11:42,0.05268333333333356,front-end-7f5c844b4c-67964,sock-shop
2023-07-11 06:12:42,0.030906666666666856,front-end-7f5c844b4c-67964,sock-shop
2023-07-11 06:13:42,0.07295000000000014,front-end-7f5c844b4c-67964,sock-shop
2023-07-11 06:14:42,0.07367666666666699,front-end-7f5c844b4c-67964,sock-shop
2023-07-11 06:15:42,6.189820825,front-end-7f5c844b4c-67964,sock-shop
2023-07-11 06:16:42,16.86541,front-end-7f5c844b4c-67964,sock-shop
2023-07-11 06:08:42,0.0,front-end-7f5c844b4c-67964,sock-shop
2023-07-11 06:09:42,0.0,front-end-7f5c844b4c-67964,sock-shop
2023-07-11 06:10:42,0.0,front-end-7f5c844b4c-67964,sock-shop
2023-07-11 06:11:42,0.0,front-end-7f5c844b4c-67964,sock-shop
2023-07-11 06:12:42,0.0,front-end-7f5c844b4c-67964,sock-shop
2023-07-11 06:13:42,0.0,front-end-7f5c844b4c-67964,sock-shop
2023-07-11 06:14:42,0.0,front-end-7f5c844b4c-67964,sock-shop
2023-07-11 06:15:42,0.0,front-end-7f5c844b4c-67964,sock-shop
2023-07-11 06:16:42,0.0,front-end-7f5c844b4c-67964,sock-shop
2023-07-11 06:06:42,0.06045999999997776,front-end-7f5c844b4c-z924m,sock-shop
2023-07-11 06:07:42,14.418106666666688,front-end-7f5c844b4c-z924m,sock-shop
2023-07-11 06:08:42,28.373896666666663,front-end-7f5c844b4c-z924m,sock-shop
2023-07-11 06:09:42,34.194379999999946,front-end-7f5c844b4c-z924m,sock-shop
2023-07-11 06:10:42,24.078346666666636,front-end-7f5c844b4c-z924m,sock-shop
2023-07-11 06:11:42,21.998539999999974,front-end-7f5c844b4c-z924m,sock-shop
2023-07-11 06:12:42,31.89632666666673,front-end-7f5c844b4c-z924m,sock-shop
2023-07-11 06:13:42,42.15163333333341,front-end-7f5c844b4c-z924m,sock-shop
2023-07-11 06:14:42,28.887110000000003,front-end-7f5c844b4c-z924m,sock-shop
2023-07-11 06:15:42,6.923616666666703,front-end-7f5c844b4c-z924m,sock-shop
2023-07-11 06:16:42,0.0809399999999035,front-end-7f5c844b4c-z924m,sock-shop
2023-07-11 06:06:42,0.0,front-end-7f5c844b4c-z924m,sock-shop
2023-07-11 06:07:42,0.0,front-end-7f5c844b4c-z924m,sock-shop
2023-07-11 06:08:42,0.0,front-end-7f5c844b4c-z924m,sock-shop
2023-07-11 06:09:42,0.0,front-end-7f5c844b4c-z924m,sock-shop
2023-07-11 06:10:42,0.0,front-end-7f5c844b4c-z924m,sock-shop
2023-07-11 06:11:42,0.0,front-end-7f5c844b4c-z924m,sock-shop
2023-07-11 06:12:42,0.0,front-end-7f5c844b4c-z924m,sock-shop
2023-07-11 06:13:42,0.0,front-end-7f5c844b4c-z924m,sock-shop
2023-07-11 06:14:42,0.0,front-end-7f5c844b4c-z924m,sock-shop
2023-07-11 06:15:42,0.0,front-end-7f5c844b4c-z924m,sock-shop
2023-07-11 06:16:42,0.0,front-end-7f5c844b4c-z924m,sock-shop
2023-07-11 06:08:42,36.62145196444444,orders-74f65597c5-md5bj,sock-shop
2023-07-11 06:09:42,16.929826666666656,orders-74f65597c5-md5bj,sock-shop
2023-07-11 06:10:42,8.031583333333336,orders-74f65597c5-md5bj,sock-shop
2023-07-11 06:11:42,3.4791200000000093,orders-74f65597c5-md5bj,sock-shop
2023-07-11 06:12:42,3.5312733333333313,orders-74f65597c5-md5bj,sock-shop
2023-07-11 06:13:42,1.4666033333333435,orders-74f65597c5-md5bj,sock-shop
2023-07-11 06:14:42,2.2125666666666652,orders-74f65597c5-md5bj,sock-shop
2023-07-11 06:15:42,6.308976666666672,orders-74f65597c5-md5bj,sock-shop
2023-07-11 06:16:42,3.277486666666671,orders-74f65597c5-md5bj,sock-shop
2023-07-11 06:08:42,0.0,orders-74f65597c5-md5bj,sock-shop
2023-07-11 06:09:42,0.0,orders-74f65597c5-md5bj,sock-shop
2023-07-11 06:10:42,0.0,orders-74f65597c5-md5bj,sock-shop
2023-07-11 06:11:42,0.0,orders-74f65597c5-md5bj,sock-shop
2023-07-11 06:12:42,0.0,orders-74f65597c5-md5bj,sock-shop
2023-07-11 06:13:42,0.0,orders-74f65597c5-md5bj,sock-shop
2023-07-11 06:14:42,0.0,orders-74f65597c5-md5bj,sock-shop
2023-07-11 06:15:42,0.0,orders-74f65597c5-md5bj,sock-shop
2023-07-11 06:16:42,0.0,orders-74f65597c5-md5bj,sock-shop
2023-07-11 06:09:42,54.08661333333335,orders-74f65597c5-r58g8,sock-shop
2023-07-11 06:10:42,9.514010000000017,orders-74f65597c5-r58g8,sock-shop
2023-07-11 06:11:42,3.4826266666666563,orders-74f65597c5-r58g8,sock-shop
2023-07-11 06:12:42,3.107676666666682,orders-74f65597c5-r58g8,sock-shop
2023-07-11 06:13:42,3.14024000000001,orders-74f65597c5-r58g8,sock-shop
2023-07-11 06:14:42,2.6102399999999903,orders-74f65597c5-r58g8,sock-shop
2023-07-11 06:15:42,3.4162033333333377,orders-74f65597c5-r58g8,sock-shop
2023-07-11 06:16:42,4.133773333333318,orders-74f65597c5-r58g8,sock-shop
2023-07-11 06:08:42,0.002166666666666671,orders-74f65597c5-r58g8,sock-shop
2023-07-11 06:09:42,0.0,orders-74f65597c5-r58g8,sock-shop
2023-07-11 06:10:42,0.0,orders-74f65597c5-r58g8,sock-shop
2023-07-11 06:11:42,0.0,orders-74f65597c5-r58g8,sock-shop
2023-07-11 06:12:42,0.0,orders-74f65597c5-r58g8,sock-shop
2023-07-11 06:13:42,0.0,orders-74f65597c5-r58g8,sock-shop
2023-07-11 06:14:42,0.0,orders-74f65597c5-r58g8,sock-shop
2023-07-11 06:15:42,0.0,orders-74f65597c5-r58g8,sock-shop
2023-07-11 06:16:42,0.0,orders-74f65597c5-r58g8,sock-shop
2023-07-11 06:09:42,31.122573333333342,orders-74f65597c5-5kp2v,sock-shop
2023-07-11 06:10:42,7.969503333333326,orders-74f65597c5-5kp2v,sock-shop
2023-07-11 06:11:42,2.76121666666666,orders-74f65597c5-5kp2v,sock-shop
2023-07-11 06:12:42,1.8795833333333196,orders-74f65597c5-5kp2v,sock-shop
2023-07-11 06:13:42,3.890719999999988,orders-74f65597c5-5kp2v,sock-shop
2023-07-11 06:14:42,3.0217600000000053,orders-74f65597c5-5kp2v,sock-shop
2023-07-11 06:15:42,8.911249999999999,orders-74f65597c5-5kp2v,sock-shop
2023-07-11 06:16:42,2.369286666666663,orders-74f65597c5-5kp2v,sock-shop
2023-07-11 06:08:42,0.0020166666666666714,orders-74f65597c5-5kp2v,sock-shop
2023-07-11 06:09:42,0.0,orders-74f65597c5-5kp2v,sock-shop
2023-07-11 06:10:42,0.0,orders-74f65597c5-5kp2v,sock-shop
2023-07-11 06:11:42,0.0,orders-74f65597c5-5kp2v,sock-shop
2023-07-11 06:12:42,0.0,orders-74f65597c5-5kp2v,sock-shop
2023-07-11 06:13:42,0.0,orders-74f65597c5-5kp2v,sock-shop
2023-07-11 06:14:42,0.0,orders-74f65597c5-5kp2v,sock-shop
2023-07-11 06:15:42,0.0,orders-74f65597c5-5kp2v,sock-shop
2023-07-11 06:16:42,0.0,orders-74f65597c5-5kp2v,sock-shop
2023-07-11 06:08:42,0.0053000000000000035,user-79dddf5cc9-skskv,sock-shop
2023-07-11 06:09:42,0.005269999999999997,user-79dddf5cc9-skskv,sock-shop
2023-07-11 06:10:42,0.008373333333333333,user-79dddf5cc9-skskv,sock-shop
2023-07-11 06:11:42,1.2714442111111108,user-79dddf5cc9-skskv,sock-shop
2023-07-11 06:12:42,2.9705833333333334,user-79dddf5cc9-skskv,sock-shop
2023-07-11 06:13:42,3.7562100000000007,user-79dddf5cc9-skskv,sock-shop
2023-07-11 06:14:42,3.542786666666669,user-79dddf5cc9-skskv,sock-shop
2023-07-11 06:15:42,3.8717633333333326,user-79dddf5cc9-skskv,sock-shop
2023-07-11 06:16:42,4.669703333333335,user-79dddf5cc9-skskv,sock-shop
2023-07-11 06:08:42,0.0,user-79dddf5cc9-skskv,sock-shop
2023-07-11 06:09:42,0.0,user-79dddf5cc9-skskv,sock-shop
2023-07-11 06:10:42,0.0,user-79dddf5cc9-skskv,sock-shop
2023-07-11 06:11:42,0.0,user-79dddf5cc9-skskv,sock-shop
2023-07-11 06:12:42,0.0,user-79dddf5cc9-skskv,sock-shop
2023-07-11 06:13:42,0.0,user-79dddf5cc9-skskv,sock-shop
2023-07-11 06:14:42,0.0,user-79dddf5cc9-skskv,sock-shop
2023-07-11 06:15:42,0.0,user-79dddf5cc9-skskv,sock-shop
2023-07-11 06:16:42,0.0,user-79dddf5cc9-skskv,sock-shop
2023-07-11 06:08:42,15.953539999999997,shipping-79c568cddc-p9mpp,sock-shop
2023-07-11 06:09:42,14.754113333333324,shipping-79c568cddc-p9mpp,sock-shop
2023-07-11 06:10:42,3.1776266666666686,shipping-79c568cddc-p9mpp,sock-shop
2023-07-11 06:11:42,2.0302666666666624,shipping-79c568cddc-p9mpp,sock-shop
2023-07-11 06:12:42,1.3454500000000043,shipping-79c568cddc-p9mpp,sock-shop
2023-07-11 06:13:42,2.1497833333333225,shipping-79c568cddc-p9mpp,sock-shop
2023-07-11 06:14:42,2.160413333333343,shipping-79c568cddc-p9mpp,sock-shop
2023-07-11 06:15:42,3.711863333333317,shipping-79c568cddc-p9mpp,sock-shop
2023-07-11 06:16:42,3.6984000000000115,shipping-79c568cddc-p9mpp,sock-shop
2023-07-11 06:08:42,0.0,shipping-79c568cddc-p9mpp,sock-shop
2023-07-11 06:09:42,0.0,shipping-79c568cddc-p9mpp,sock-shop
2023-07-11 06:10:42,0.0,shipping-79c568cddc-p9mpp,sock-shop
2023-07-11 06:11:42,0.0,shipping-79c568cddc-p9mpp,sock-shop
2023-07-11 06:12:42,0.0,shipping-79c568cddc-p9mpp,sock-shop
2023-07-11 06:13:42,0.0,shipping-79c568cddc-p9mpp,sock-shop
2023-07-11 06:14:42,0.0,shipping-79c568cddc-p9mpp,sock-shop
2023-07-11 06:15:42,0.0,shipping-79c568cddc-p9mpp,sock-shop
2023-07-11 06:16:42,0.0,shipping-79c568cddc-p9mpp,sock-shop
2023-07-11 06:09:42,0.05998666666666671,front-end-7f5c844b4c-rmgs8,sock-shop
2023-07-11 06:10:42,0.06953666666666673,front-end-7f5c844b4c-rmgs8,sock-shop
2023-07-11 06:11:42,0.04543666666666686,front-end-7f5c844b4c-rmgs8,sock-shop
2023-07-11 06:12:42,0.04724999999999979,front-end-7f5c844b4c-rmgs8,sock-shop
2023-07-11 06:13:42,0.07205333333333323,front-end-7f5c844b4c-rmgs8,sock-shop
2023-07-11 06:14:42,0.11140000000000001,front-end-7f5c844b4c-rmgs8,sock-shop
2023-07-11 06:15:42,1.2952166666666665,front-end-7f5c844b4c-rmgs8,sock-shop
2023-07-11 06:16:42,15.947626666666665,front-end-7f5c844b4c-rmgs8,sock-shop
2023-07-11 06:08:42,0.0026933333333333323,front-end-7f5c844b4c-rmgs8,sock-shop
2023-07-11 06:09:42,0.0,front-end-7f5c844b4c-rmgs8,sock-shop
2023-07-11 06:10:42,0.0,front-end-7f5c844b4c-rmgs8,sock-shop
2023-07-11 06:11:42,0.0,front-end-7f5c844b4c-rmgs8,sock-shop
2023-07-11 06:12:42,0.0,front-end-7f5c844b4c-rmgs8,sock-shop
2023-07-11 06:13:42,0.0,front-end-7f5c844b4c-rmgs8,sock-shop
2023-07-11 06:14:42,0.0,front-end-7f5c844b4c-rmgs8,sock-shop
2023-07-11 06:15:42,0.0,front-end-7f5c844b4c-rmgs8,sock-shop
2023-07-11 06:16:42,0.0,front-end-7f5c844b4c-rmgs8,sock-shop
2023-07-11 06:06:42,0.04383333333331999,orders-74f65597c5-mvkrp,sock-shop
2023-07-11 06:07:42,26.280806666666667,orders-74f65597c5-mvkrp,sock-shop
2023-07-11 06:08:42,1.1359600000000114,orders-74f65597c5-mvkrp,sock-shop
2023-07-11 06:09:42,2.308743333333325,orders-74f65597c5-mvkrp,sock-shop
2023-07-11 06:10:42,1.4459666666666255,orders-74f65597c5-mvkrp,sock-shop
2023-07-11 06:11:42,1.251299999999939,orders-74f65597c5-mvkrp,sock-shop
2023-07-11 06:12:42,2.0260200000000355,orders-74f65597c5-mvkrp,sock-shop
2023-07-11 06:13:42,1.2347533333333633,orders-74f65597c5-mvkrp,sock-shop
2023-07-11 06:14:42,1.9268799999999446,orders-74f65597c5-mvkrp,sock-shop
2023-07-11 06:15:42,2.3885333333332897,orders-74f65597c5-mvkrp,sock-shop
2023-07-11 06:16:42,4.577906666666725,orders-74f65597c5-mvkrp,sock-shop
2023-07-11 06:06:42,0.0,orders-74f65597c5-mvkrp,sock-shop
2023-07-11 06:07:42,0.0,orders-74f65597c5-mvkrp,sock-shop
2023-07-11 06:08:42,0.0,orders-74f65597c5-mvkrp,sock-shop
2023-07-11 06:09:42,0.0,orders-74f65597c5-mvkrp,sock-shop
2023-07-11 06:10:42,0.0,orders-74f65597c5-mvkrp,sock-shop
2023-07-11 06:11:42,0.0,orders-74f65597c5-mvkrp,sock-shop
2023-07-11 06:12:42,0.0,orders-74f65597c5-mvkrp,sock-shop
2023-07-11 06:13:42,0.0,orders-74f65597c5-mvkrp,sock-shop
2023-07-11 06:14:42,0.0,orders-74f65597c5-mvkrp,sock-shop
2023-07-11 06:15:42,0.0,orders-74f65597c5-mvkrp,sock-shop
2023-07-11 06:16:42,0.0,orders-74f65597c5-mvkrp,sock-shop
2023-07-11 06:08:42,43.41228067638889,orders-74f65597c5-fclpt,sock-shop
2023-07-11 06:09:42,11.213343333333347,orders-74f65597c5-fclpt,sock-shop
2023-07-11 06:10:42,7.843333333333338,orders-74f65597c5-fclpt,sock-shop
2023-07-11 06:11:42,1.1503866666666578,orders-74f65597c5-fclpt,sock-shop
2023-07-11 06:12:42,1.371163333333314,orders-74f65597c5-fclpt,sock-shop
2023-07-11 06:13:42,2.52588333333333,orders-74f65597c5-fclpt,sock-shop
2023-07-11 06:14:42,2.0380933333333218,orders-74f65597c5-fclpt,sock-shop
2023-07-11 06:15:42,5.628476666666676,orders-74f65597c5-fclpt,sock-shop
2023-07-11 06:16:42,3.0884966666666474,orders-74f65597c5-fclpt,sock-shop
2023-07-11 06:08:42,0.0,orders-74f65597c5-fclpt,sock-shop
2023-07-11 06:09:42,0.0,orders-74f65597c5-fclpt,sock-shop
2023-07-11 06:10:42,0.0,orders-74f65597c5-fclpt,sock-shop
2023-07-11 06:11:42,0.0,orders-74f65597c5-fclpt,sock-shop
2023-07-11 06:12:42,0.0,orders-74f65597c5-fclpt,sock-shop
2023-07-11 06:13:42,0.0,orders-74f65597c5-fclpt,sock-shop
2023-07-11 06:14:42,0.0,orders-74f65597c5-fclpt,sock-shop
2023-07-11 06:15:42,0.0,orders-74f65597c5-fclpt,sock-shop
2023-07-11 06:16:42,0.0,orders-74f65597c5-fclpt,sock-shop
2023-07-11 06:06:42,0.04928999999999443,user-79dddf5cc9-5ws59,sock-shop
2023-07-11 06:07:42,4.669796666666646,user-79dddf5cc9-5ws59,sock-shop
2023-07-11 06:08:42,3.9800133333333085,user-79dddf5cc9-5ws59,sock-shop
2023-07-11 06:09:42,7.111589999999997,user-79dddf5cc9-5ws59,sock-shop
2023-07-11 06:10:42,7.565906666666677,user-79dddf5cc9-5ws59,sock-shop
2023-07-11 06:11:42,5.471023333333325,user-79dddf5cc9-5ws59,sock-shop
2023-07-11 06:12:42,2.7933433333333353,user-79dddf5cc9-5ws59,sock-shop
2023-07-11 06:13:42,2.4762933333333117,user-79dddf5cc9-5ws59,sock-shop
2023-07-11 06:14:42,2.6043800000000297,user-79dddf5cc9-5ws59,sock-shop
2023-07-11 06:15:42,1.909216666666585,user-79dddf5cc9-5ws59,sock-shop
2023-07-11 06:16:42,3.9639966666666733,user-79dddf5cc9-5ws59,sock-shop
2023-07-11 06:06:42,0.0,user-79dddf5cc9-5ws59,sock-shop
2023-07-11 06:07:42,0.0,user-79dddf5cc9-5ws59,sock-shop
2023-07-11 06:08:42,0.0,user-79dddf5cc9-5ws59,sock-shop
2023-07-11 06:09:42,0.0,user-79dddf5cc9-5ws59,sock-shop
2023-07-11 06:10:42,0.0,user-79dddf5cc9-5ws59,sock-shop
2023-07-11 06:11:42,0.0,user-79dddf5cc9-5ws59,sock-shop
2023-07-11 06:12:42,0.0,user-79dddf5cc9-5ws59,sock-shop
2023-07-11 06:13:42,0.0,user-79dddf5cc9-5ws59,sock-shop
2023-07-11 06:14:42,0.0,user-79dddf5cc9-5ws59,sock-shop
2023-07-11 06:15:42,0.0,user-79dddf5cc9-5ws59,sock-shop
2023-07-11 06:16:42,0.0,user-79dddf5cc9-5ws59,sock-shop
2023-07-11 06:08:42,37.37471619583333,orders-74f65597c5-zj6qv,sock-shop
2023-07-11 06:09:42,22.242603333333335,orders-74f65597c5-zj6qv,sock-shop
2023-07-11 06:10:42,9.50939666666668,orders-74f65597c5-zj6qv,sock-shop
2023-07-11 06:11:42,2.0727666666666758,orders-74f65597c5-zj6qv,sock-shop
2023-07-11 06:12:42,3.7213533333333255,orders-74f65597c5-zj6qv,sock-shop
2023-07-11 06:13:42,3.208390000000018,orders-74f65597c5-zj6qv,sock-shop
2023-07-11 06:14:42,5.543913333333326,orders-74f65597c5-zj6qv,sock-shop
2023-07-11 06:15:42,8.732866666666677,orders-74f65597c5-zj6qv,sock-shop
2023-07-11 06:16:42,3.3248966666666746,orders-74f65597c5-zj6qv,sock-shop
2023-07-11 06:08:42,0.0,orders-74f65597c5-zj6qv,sock-shop
2023-07-11 06:09:42,0.0,orders-74f65597c5-zj6qv,sock-shop
2023-07-11 06:10:42,0.0,orders-74f65597c5-zj6qv,sock-shop
2023-07-11 06:11:42,0.0,orders-74f65597c5-zj6qv,sock-shop
2023-07-11 06:12:42,0.0,orders-74f65597c5-zj6qv,sock-shop
2023-07-11 06:13:42,0.0,orders-74f65597c5-zj6qv,sock-shop
2023-07-11 06:14:42,0.0,orders-74f65597c5-zj6qv,sock-shop
2023-07-11 06:15:42,0.0,orders-74f65597c5-zj6qv,sock-shop
2023-07-11 06:16:42,0.0,orders-74f65597c5-zj6qv,sock-shop
2023-07-11 06:16:42,0.0018099999999999946,user-79dddf5cc9-zx4hh,sock-shop
2023-07-11 06:08:42,0.0050533333333333446,user-79dddf5cc9-8rhcm,sock-shop
2023-07-11 06:09:42,0.005163333333333339,user-79dddf5cc9-8rhcm,sock-shop
2023-07-11 06:10:42,0.004293333333333348,user-79dddf5cc9-8rhcm,sock-shop
2023-07-11 06:11:42,1.0846748444444445,user-79dddf5cc9-8rhcm,sock-shop
2023-07-11 06:12:42,3.0882966666666665,user-79dddf5cc9-8rhcm,sock-shop
2023-07-11 06:13:42,1.7672200000000013,user-79dddf5cc9-8rhcm,sock-shop
2023-07-11 06:14:42,4.47976,user-79dddf5cc9-8rhcm,sock-shop
2023-07-11 06:15:42,7.424573333333333,user-79dddf5cc9-8rhcm,sock-shop
2023-07-11 06:16:42,5.192953333333333,user-79dddf5cc9-8rhcm,sock-shop
2023-07-11 06:08:42,0.0,user-79dddf5cc9-8rhcm,sock-shop
2023-07-11 06:09:42,0.0,user-79dddf5cc9-8rhcm,sock-shop
2023-07-11 06:10:42,0.0,user-79dddf5cc9-8rhcm,sock-shop
2023-07-11 06:11:42,0.0,user-79dddf5cc9-8rhcm,sock-shop
2023-07-11 06:12:42,0.0,user-79dddf5cc9-8rhcm,sock-shop
2023-07-11 06:13:42,0.0,user-79dddf5cc9-8rhcm,sock-shop
2023-07-11 06:14:42,0.0,user-79dddf5cc9-8rhcm,sock-shop
2023-07-11 06:15:42,0.0,user-79dddf5cc9-8rhcm,sock-shop
2023-07-11 06:16:42,0.0,user-79dddf5cc9-8rhcm,sock-shop
2023-07-11 06:06:42,0.06087333333349913,carts-7bbf9dc945-wpsd8,sock-shop
2023-07-11 06:07:42,16.901873333333317,carts-7bbf9dc945-wpsd8,sock-shop
2023-07-11 06:08:42,19.741796666666385,carts-7bbf9dc945-wpsd8,sock-shop
2023-07-11 06:09:42,20.103410000000014,carts-7bbf9dc945-wpsd8,sock-shop
2023-07-11 06:10:42,37.41962333333315,carts-7bbf9dc945-wpsd8,sock-shop
2023-07-11 06:11:42,28.392473333333328,carts-7bbf9dc945-wpsd8,sock-shop
2023-07-11 06:12:42,27.953360000000206,carts-7bbf9dc945-wpsd8,sock-shop
2023-07-11 06:13:42,26.17227000000033,carts-7bbf9dc945-wpsd8,sock-shop
2023-07-11 06:14:42,27.52549333333339,carts-7bbf9dc945-wpsd8,sock-shop
2023-07-11 06:15:42,24.89770333333316,carts-7bbf9dc945-wpsd8,sock-shop
2023-07-11 06:16:42,27.06711000000003,carts-7bbf9dc945-wpsd8,sock-shop
2023-07-11 06:06:42,0.0,carts-7bbf9dc945-wpsd8,sock-shop
2023-07-11 06:07:42,0.0,carts-7bbf9dc945-wpsd8,sock-shop
2023-07-11 06:08:42,0.0,carts-7bbf9dc945-wpsd8,sock-shop
2023-07-11 06:09:42,0.0,carts-7bbf9dc945-wpsd8,sock-shop
2023-07-11 06:10:42,0.0,carts-7bbf9dc945-wpsd8,sock-shop
2023-07-11 06:11:42,0.0,carts-7bbf9dc945-wpsd8,sock-shop
2023-07-11 06:12:42,0.0,carts-7bbf9dc945-wpsd8,sock-shop
2023-07-11 06:13:42,0.0,carts-7bbf9dc945-wpsd8,sock-shop
2023-07-11 06:14:42,0.0,carts-7bbf9dc945-wpsd8,sock-shop
2023-07-11 06:15:42,0.0,carts-7bbf9dc945-wpsd8,sock-shop
2023-07-11 06:16:42,0.0,carts-7bbf9dc945-wpsd8,sock-shop
2023-07-11 06:06:42,0.016563333333342218,catalogue-6479dbb5bd-nknvp,sock-shop
2023-07-11 06:07:42,1.9716999999999985,catalogue-6479dbb5bd-nknvp,sock-shop
2023-07-11 06:08:42,2.591169999999986,catalogue-6479dbb5bd-nknvp,sock-shop
2023-07-11 06:09:42,1.679710000000038,catalogue-6479dbb5bd-nknvp,sock-shop
2023-07-11 06:10:42,1.597643333333328,catalogue-6479dbb5bd-nknvp,sock-shop
2023-07-11 06:11:42,1.4971099999999637,catalogue-6479dbb5bd-nknvp,sock-shop
2023-07-11 06:12:42,0.4964966666666726,catalogue-6479dbb5bd-nknvp,sock-shop
2023-07-11 06:13:42,0.7479033333333026,catalogue-6479dbb5bd-nknvp,sock-shop
2023-07-11 06:14:42,1.0400900000000017,catalogue-6479dbb5bd-nknvp,sock-shop
2023-07-11 06:15:42,2.198940000000012,catalogue-6479dbb5bd-nknvp,sock-shop
2023-07-11 06:16:42,2.999149999999986,catalogue-6479dbb5bd-nknvp,sock-shop
2023-07-11 06:06:42,0.0,catalogue-6479dbb5bd-nknvp,sock-shop
2023-07-11 06:07:42,0.0,catalogue-6479dbb5bd-nknvp,sock-shop
2023-07-11 06:08:42,0.0,catalogue-6479dbb5bd-nknvp,sock-shop
2023-07-11 06:09:42,0.0,catalogue-6479dbb5bd-nknvp,sock-shop
2023-07-11 06:10:42,0.0,catalogue-6479dbb5bd-nknvp,sock-shop
2023-07-11 06:11:42,0.0,catalogue-6479dbb5bd-nknvp,sock-shop
2023-07-11 06:12:42,0.0,catalogue-6479dbb5bd-nknvp,sock-shop
2023-07-11 06:13:42,0.0,catalogue-6479dbb5bd-nknvp,sock-shop
2023-07-11 06:14:42,0.0,catalogue-6479dbb5bd-nknvp,sock-shop
2023-07-11 06:15:42,0.0,catalogue-6479dbb5bd-nknvp,sock-shop
2023-07-11 06:16:42,0.0,catalogue-6479dbb5bd-nknvp,sock-shop
2023-07-11 06:08:42,1.2669166666666665,front-end-7f5c844b4c-wjztn,sock-shop
2023-07-11 06:09:42,0.028370000000000152,front-end-7f5c844b4c-wjztn,sock-shop
2023-07-11 06:10:42,0.05097666666666667,front-end-7f5c844b4c-wjztn,sock-shop
2023-07-11 06:11:42,0.04538000000000005,front-end-7f5c844b4c-wjztn,sock-shop
2023-07-11 06:12:42,0.054226666666666874,front-end-7f5c844b4c-wjztn,sock-shop
2023-07-11 06:13:42,0.05757666666666698,front-end-7f5c844b4c-wjztn,sock-shop
2023-07-11 06:14:42,0.10915666666666657,front-end-7f5c844b4c-wjztn,sock-shop
2023-07-11 06:15:42,5.676353333333333,front-end-7f5c844b4c-wjztn,sock-shop
2023-07-11 06:16:42,27.59285666666667,front-end-7f5c844b4c-wjztn,sock-shop
2023-07-11 06:08:42,0.0034566666666666656,front-end-7f5c844b4c-wjztn,sock-shop
2023-07-11 06:09:42,0.0,front-end-7f5c844b4c-wjztn,sock-shop
2023-07-11 06:10:42,0.0,front-end-7f5c844b4c-wjztn,sock-shop
2023-07-11 06:11:42,0.0,front-end-7f5c844b4c-wjztn,sock-shop
2023-07-11 06:12:42,0.0,front-end-7f5c844b4c-wjztn,sock-shop
2023-07-11 06:13:42,0.0,front-end-7f5c844b4c-wjztn,sock-shop
2023-07-11 06:14:42,0.0,front-end-7f5c844b4c-wjztn,sock-shop
2023-07-11 06:15:42,0.0,front-end-7f5c844b4c-wjztn,sock-shop
2023-07-11 06:16:42,0.0,front-end-7f5c844b4c-wjztn,sock-shop
2023-07-11 06:08:42,0.07360999999999987,front-end-7f5c844b4c-sxf57,sock-shop
2023-07-11 06:09:42,0.05933333333333346,front-end-7f5c844b4c-sxf57,sock-shop
2023-07-11 06:10:42,0.06564666666666663,front-end-7f5c844b4c-sxf57,sock-shop
2023-07-11 06:11:42,0.07167333333333341,front-end-7f5c844b4c-sxf57,sock-shop
2023-07-11 06:12:42,0.06269999999999998,front-end-7f5c844b4c-sxf57,sock-shop
2023-07-11 06:13:42,0.06422999999999993,front-end-7f5c844b4c-sxf57,sock-shop
2023-07-11 06:14:42,0.05288333333333339,front-end-7f5c844b4c-sxf57,sock-shop
2023-07-11 06:15:42,8.370052540277777,front-end-7f5c844b4c-sxf57,sock-shop
2023-07-11 06:16:42,17.491909999999997,front-end-7f5c844b4c-sxf57,sock-shop
2023-07-11 06:08:42,0.0,front-end-7f5c844b4c-sxf57,sock-shop
2023-07-11 06:09:42,0.0,front-end-7f5c844b4c-sxf57,sock-shop
2023-07-11 06:10:42,0.0,front-end-7f5c844b4c-sxf57,sock-shop
2023-07-11 06:11:42,0.0,front-end-7f5c844b4c-sxf57,sock-shop
2023-07-11 06:12:42,0.0,front-end-7f5c844b4c-sxf57,sock-shop
2023-07-11 06:13:42,0.0,front-end-7f5c844b4c-sxf57,sock-shop
2023-07-11 06:14:42,0.0,front-end-7f5c844b4c-sxf57,sock-shop
2023-07-11 06:15:42,0.0,front-end-7f5c844b4c-sxf57,sock-shop
2023-07-11 06:16:42,0.0,front-end-7f5c844b4c-sxf57,sock-shop
2023-07-11 06:09:42,0.0008933333333333247,catalogue-6479dbb5bd-76dv5,sock-shop
2023-07-11 06:10:42,0.0006900000000000193,catalogue-6479dbb5bd-76dv5,sock-shop
2023-07-11 06:11:42,0.000826666666666684,catalogue-6479dbb5bd-76dv5,sock-shop
2023-07-11 06:12:42,0.7914856972222221,catalogue-6479dbb5bd-76dv5,sock-shop
2023-07-11 06:13:42,1.0664599999999997,catalogue-6479dbb5bd-76dv5,sock-shop
2023-07-11 06:14:42,1.3533233333333332,catalogue-6479dbb5bd-76dv5,sock-shop
2023-07-11 06:09:42,0.0,catalogue-6479dbb5bd-76dv5,sock-shop
2023-07-11 06:10:42,0.0,catalogue-6479dbb5bd-76dv5,sock-shop
2023-07-11 06:11:42,0.0,catalogue-6479dbb5bd-76dv5,sock-shop
2023-07-11 06:12:42,0.0,catalogue-6479dbb5bd-76dv5,sock-shop
2023-07-11 06:13:42,0.0,catalogue-6479dbb5bd-76dv5,sock-shop
2023-07-11 06:14:42,0.0,catalogue-6479dbb5bd-76dv5,sock-shop
